"ID","Essai","Temps Experience","Temps total Inactivite","Temps total Activite","Temps total de Manipulation","Nbr Total de Manipulation","Temps Total Consultation Instruction","Nb Total de Consultation","Nombre erreur","Proposition_Phase"
"ID10","1","96.099953","55.673687","40.426266","22.837461","23","17.588800","24","5","1"
"ID10","2","54.533314","31.585220","22.948090","22.248150","21","0.699940","2","1","2"
"ID10","3","41.166672","24.883051","16.283621","16.283621","15","0.000000","0","0","2"
"ID10","4","42.422218","22.697981","19.724239","19.724239","19","0.000000","0","0","3"
"ID10","5","33.722225","18.840277","14.881948","14.881948","17","0.000000","0","0","3"
"ID12","1","209.733292","93.808098","115.925201","45.847500","23","70.077705","51","12","1"
"ID12","2","90.100006","59.146221","30.953791","30.953791","16","0.000000","0","5","2"
"ID12","3","57.322231","27.547091","29.775141","29.775141","14","0.000000","0","0","2"
"ID12","4","53.033329","27.599150","25.434179","25.434179","15","0.000000","0","0","3"
"ID12","5","39.566673","23.284307","16.282360","16.282360","11","0.000000","0","0","3"
"ID14","1","126.855598","63.149300","63.706299","38.828094","22","24.878201","20","2","1"
"ID14","2","71.688889","36.669140","35.019749","31.253080","22","3.766670","5","5","2"
"ID14","3","51.511112","27.764149","23.746960","23.746960","24","0.000000","0","1","2"
"ID14","4","55.844440","29.067570","26.776871","26.776871","16","0.000000","0","0","2"
"ID14","5","33.588886","18.482790","15.106100","15.106100","11","0.000000","0","0","3"
"ID14","6","42.444447","26.583050","15.861400","12.450300","10","3.411100","7","0","3"
"ID14","7","37.144447","21.052330","16.092119","16.092119","14","0.000000","0","0","3"
"ID14","8","34.422218","18.548740","15.873479","15.873479","12","0.000000","0","0","3"
"ID14","9","32.144451","16.049940","16.094509","16.094509","10","0.000000","0","0","3"
"ID15","1","83.811104","45.098900","38.712200","24.556700","25","14.155500","18","9","1"
"ID15","2","41.188889","21.730852","19.458040","18.080259","21","1.377780","2","2","2"
"ID15","3","30.855560","14.407270","16.448290","16.448290","23","0.000000","0","1","2"
"ID15","4","29.677780","12.485530","17.192249","17.192249","19","0.000000","0","0","2"
"ID15","5","23.133329","9.917270","13.216060","13.216060","15","0.000000","0","0","3"
"ID15","6","23.422224","10.538054","12.884171","12.884171","16","0.000000","0","1","3"
"ID15","7","22.122219","9.416081","12.706139","12.706139","16","0.000000","0","0","3"
"ID15","8","22.133341","10.328020","11.805320","11.805320","12","0.000000","0","0","3"
"ID15","9","24.911110","11.083530","13.827580","13.827580","17","0.000000","0","0","3"
"ID16","1","128.144501","52.280102","75.864403","32.453201","17","43.411201","17","4","1"
"ID16","2","107.944489","48.377911","59.566582","27.999750","20","31.566830","31","6","1"
"ID16","3","53.955551","27.677212","26.278339","24.533899","22","1.744440","2","0","2"
"ID16","4","47.077782","24.977779","22.100000","22.100000","20","0.000000","0","0","2"
"ID16","5","46.833340","22.143791","24.689548","24.689548","23","0.000000","0","0","3"
"ID16","6","48.899994","22.391302","26.508688","26.508688","22","0.000000","0","1","3"
"ID16","7","41.066673","20.340839","20.725830","20.725830","16","0.000000","0","0","3"
"ID16","8","40.422230","19.529797","20.892429","20.892429","13","0.000000","0","0","3"
"ID16","9","40.955551","19.897532","21.058020","21.058020","14","0.000000","0","0","3"
"ID17","1","226.300003","104.541901","121.758095","48.058399","53","73.699699","37","18","1"
"ID17","2","114.366707","64.092247","50.274448","27.885330","30","22.389120","20","0","1"
"ID17","3","56.266670","34.174911","22.091761","21.225090","23","0.866670","1","0","2"
"ID17","4","75.955559","49.466747","26.488811","25.011040","27","1.477771","3","6","2"
"ID17","5","66.111122","37.968513","28.142609","28.142609","36","0.000000","0","0","2"
"ID17","6","47.599998","26.641169","20.958832","20.958832","24","0.000000","0","0","3"
"ID17","7","45.988888","26.119312","19.869579","19.869579","26","0.000000","0","0","3"
"ID18","1","355.644409","156.994904","198.649506","68.649307","52","130.000198","117","23","1"
"ID18","2","55.400002","36.029499","19.370501","15.681700","16","3.688800","5","1","2"
"ID18","3","54.811119","31.229000","23.582121","16.726561","19","6.855561","9","1","2"
"ID18","4","39.422180","20.772730","18.649450","18.649450","19","0.000000","0","0","2"
"ID18","5","40.455559","19.331631","21.123930","21.123930","17","0.000000","0","0","3"
"ID18","6","28.166668","15.036597","13.130070","13.130070","12","0.000000","0","0","3"
"ID19","1","104.411102","47.934700","56.476398","30.743099","20","25.733299","22","2","1"
"ID19","2","55.055561","25.176701","29.878860","26.056629","12","3.822230","5","6","2"
"ID19","3","34.922218","17.385530","17.536690","17.536690","12","0.000000","0","0","2"
"ID19","4","35.077782","15.241752","19.836027","19.836027","12","0.000000","0","0","3"
"ID19","5","29.133341","12.540569","16.592772","16.592772","13","0.000000","0","0","3"
"ID20","1","212.755508","105.484306","107.271202","70.560295","51","36.710899","24","28","1"
"ID20","2","80.988899","46.709999","34.278900","25.012100","28","9.266800","11","5","1"
"ID20","3","68.355560","33.158482","35.197079","33.808193","29","1.388890","1","7","2"
"ID20","4","41.211113","21.977310","19.233801","19.233801","21","0.000000","0","3","2"
"ID20","5","30.522221","16.283720","14.238500","14.238500","18","0.000000","0","0","2"
"ID20","6","22.655560","10.770480","11.885080","11.885080","14","0.000000","0","0","3"
"ID20","7","26.533331","12.548800","13.984530","13.984530","18","0.000000","0","0","3"
"ID21","1","282.122223","147.786499","134.335693","49.480598","33","84.855103","76","14","1"
"ID21","2","65.466698","38.875702","26.591000","26.591000","16","0.000000","0","0","2"
"ID21","3","58.200001","32.588001","25.612000","25.612000","24","0.000000","0","0","3"
"ID21","4","38.555561","20.219120","18.336439","18.336439","17","0.000000","0","0","3"
"ID22","1","361.377777","134.331909","227.045898","76.345299","73","150.700607","86","44","1"
"ID22","2","100.177826","49.258640","50.919182","37.119129","43","13.800051","13","6","1"
"ID22","3","42.444447","22.118820","20.325630","20.325630","17","0.000000","0","0","2"
"ID22","4","51.866669","24.579258","27.287413","27.287413","24","0.000000","0","1","2"
"ID22","5","59.622219","31.706779","27.915440","20.815439","15","7.100000","8","0","2"
"ID22","6","50.866673","25.077600","25.789072","25.789072","23","0.000000","0","1","2"
"ID22","7","41.299999","21.418341","19.881660","19.881660","20","0.000000","0","0","2"
"ID22","8","36.555561","18.430368","18.125193","18.125193","16","0.000000","0","0","3"
"ID22","9","46.455559","21.178217","25.277346","25.277346","22","0.000000","0","0","3"
"ID23","1","155.666595","78.161797","77.504799","40.715500","37","36.789299","29","20","1"
"ID23","2","51.400032","28.020630","23.379400","22.168289","18","1.211110","2","0","2"
"ID23","3","41.011112","20.840839","20.170271","19.492491","18","0.677780","1","2","2"
"ID23","4","34.122219","16.263769","17.858452","17.858452","20","0.000000","0","0","2"
"ID23","5","34.966671","16.863760","18.102909","18.102909","15","0.000000","0","0","3"
"ID23","6","31.177780","15.028110","16.149670","16.149670","16","0.000000","0","0","3"
"ID24","1","420.022247","138.238434","281.783813","125.683510","43","156.100281","57","20","1"
"ID24","2","96.433289","40.961960","55.471329","40.393490","19","15.077840","9","0","1"
"ID24","3","73.677811","33.847233","39.830582","32.386147","21","7.444430","8","1","1"
"ID24","4","68.444450","35.666962","32.777489","29.310860","20","3.466630","4","0","2"
"ID24","5","51.466671","22.000540","29.466127","29.466127","17","0.000000","0","1","2"
"ID24","6","48.744438","19.766712","28.977728","28.977728","17","0.000000","0","0","2"
"ID24","7","53.488888","18.967779","34.521111","34.521111","19","0.000000","0","0","3"
"ID24","8","51.922218","23.735268","28.186953","28.186953","19","0.000000","0","0","3"
"ID25","1","98.055504","46.208900","51.846600","20.691099","15","31.155500","16","1","1"
"ID25","2","68.822197","36.495899","32.326302","18.293100","16","14.033200","14","1","1"
"ID25","3","36.466599","20.282400","16.184200","15.739801","13","0.444400","1","0","2"
"ID25","4","30.522221","13.896199","16.626020","16.626020","14","0.000000","0","0","2"
"ID25","5","27.744450","13.972550","13.771900","13.771900","14","0.000000","0","0","3"
"ID25","6","26.877781","13.637460","13.240320","13.240320","13","0.000000","0","0","3"
"ID26","1","337.022217","143.527908","193.494308","73.082802","53","120.411499","51","27","1"
"ID26","2","304.277771","135.626450","168.651321","128.906631","74","39.744701","25","42","1"
"ID26","3","166.811111","58.090511","108.720596","108.720596","60","0.000000","0","22","2"
"ID26","4","60.744431","27.612892","33.131538","33.131538","15","0.000000","0","1","2"
"ID26","5","53.911114","19.711281","34.199833","34.199833","17","0.000000","0","0","2"
"ID26","6","49.244438","17.589741","31.654699","31.654699","18","0.000000","0","0","3"
"ID26","7","44.099998","16.111441","27.988560","27.988560","17","0.000000","0","0","3"
"ID27","1","172.922211","67.982597","104.939598","34.950600","33","69.988998","25","8","1"
"ID27","2","97.922203","44.237499","53.684700","38.118000","23","15.566700","7","0","1"
"ID27","3","58.077793","31.898600","26.179190","20.334761","19","5.844430","5","0","2"
"ID27","4","40.155552","20.808720","19.346830","19.002380","15","0.344450","1","0","2"
"ID27","5","41.855553","23.262621","18.592930","18.592930","19","0.000000","0","0","2"
"ID27","6","39.077820","18.409149","20.668671","20.668671","18","0.000000","0","0","3"
"ID27","7","42.533340","21.309429","21.223909","21.223909","19","0.000000","0","0","3"
"ID28","1","238.544403","115.852493","122.691902","44.847301","14","77.844597","39","4","1"
"ID28","2","62.244400","29.302608","32.941792","32.941792","14","0.000000","0","3","2"
"ID28","3","43.155560","21.151899","22.003660","22.003660","11","0.000000","0","0","2"
"ID28","4","42.788887","21.219360","21.569529","21.569529","12","0.000000","0","2","2"
"ID28","5","32.455559","15.872348","16.583212","16.583212","8","0.000000","0","0","2"
"ID28","6","36.333328","17.195620","19.137711","19.137711","10","0.000000","0","0","3"
"ID28","7","35.500000","17.297390","18.202610","18.202610","10","0.000000","0","0","3"
"ID29","1","212.011108","110.525696","101.485397","33.718700","15","67.766701","25","5","1"
"ID29","2","85.611107","61.608101","24.003000","18.258400","13","5.744600","6","0","1"
"ID29","3","57.000008","34.631813","22.368200","22.368200","12","0.000000","0","0","2"
"ID29","4","37.722221","19.841970","17.880251","17.880251","13","0.000000","0","0","3"
"ID29","5","36.888889","21.041611","15.847280","15.847280","14","0.000000","0","0","3"
"ID30","1","189.755600","66.100502","123.655098","58.721600","42","64.933502","57","20","1"
"ID30","2","87.533340","37.738022","49.795319","34.850929","29","14.944389","16","9","1"
"ID30","3","43.188889","18.986609","24.202280","22.835611","24","1.366670","3","6","2"
"ID30","4","79.388947","26.508160","52.880779","49.114094","33","3.766690","7","16","2"
"ID30","5","122.200043","55.298038","66.902000","53.579861","31","13.322139","14","9","2"
"ID30","6","36.333340","15.064931","21.268408","21.268408","14","0.000000","0","2","2"
"ID30","7","54.088886","18.935757","35.153133","35.153133","15","0.000000","0","0","2"
"ID30","8","38.922234","14.554549","24.367680","24.367680","13","0.000000","0","0","3"
"ID30","9","31.811119","13.784560","18.026560","18.026560","14","0.000000","0","0","3"
"ID31","1","178.166702","81.962997","96.203705","51.070900","33","45.132801","28","17","1"
"ID31","2","77.633293","42.701801","34.931499","28.409201","26","6.522299","7","6","1"
"ID31","3","44.455582","23.829960","20.625620","19.870071","18","0.755550","1","1","2"
"ID31","4","40.922218","22.296671","18.625549","18.625549","20","0.000000","0","2","2"
"ID31","5","40.399967","20.486469","19.913500","19.913500","15","0.000000","0","0","2"
"ID31","6","42.455559","21.453032","21.002527","21.002527","13","0.000000","0","0","3"
"ID31","7","42.100006","20.497730","21.602280","21.602280","14","0.000000","0","0","3"
"ID32","1","192.488892","77.796707","114.692200","44.303001","22","70.389198","27","11","1"
"ID32","2","70.088928","39.265114","30.823820","25.334940","18","5.488880","4","1","2"
"ID32","3","89.311058","48.782459","40.528599","39.272999","23","1.255600","1","4","2"
"ID32","4","59.277767","28.799749","30.478020","30.478020","19","0.000000","0","0","2"
"ID32","5","45.433380","24.376699","21.056681","21.056681","17","0.000000","0","0","3"
"ID32","6","33.055550","14.863730","18.191820","18.191820","13","0.000000","0","0","3"
"ID33","1","147.888901","86.359695","61.529202","29.873800","19","31.655399","28","0","1"
"ID33","2","132.711136","73.593407","59.117729","30.651258","23","28.466471","14","6","1"
"ID33","3","87.955513","44.198250","43.757259","43.301712","33","0.455550","1","11","2"
"ID33","4","38.788898","18.999653","19.789248","19.789248","17","0.000000","0","0","2"
"ID33","5","45.622231","21.887531","23.734699","23.734699","18","0.000000","0","0","3"
"ID33","6","35.888889","15.885561","20.003328","20.003328","16","0.000000","0","0","3"
"ID34","1","282.322205","89.839096","192.483109","65.683197","37","126.799904","40","8","1"
"ID34","2","280.366577","89.896896","190.469696","71.980705","47","118.488998","52","6","1"
"ID34","3","197.511139","68.393623","129.117523","94.084167","45","35.033352","15","3","1"
"ID34","4","73.488861","32.030052","41.458809","41.458809","30","0.000000","0","1","2"
"ID34","5","167.166702","72.533440","94.633255","81.599991","63","13.033270","3","1","2"
"ID34","6","44.655560","22.953228","21.702332","21.702332","23","0.000000","0","0","2"
"ID34","7","43.655560","21.988350","21.667210","21.667210","25","0.000000","0","0","3"
"ID34","8","37.155552","18.684460","18.471090","18.471090","19","0.000000","0","0","3"
"ID35","1","247.588898","136.691910","110.897003","37.885700","18","73.011299","24","3","1"
"ID35","2","106.800003","59.966999","46.833000","28.743999","18","18.089001","10","3","1"
"ID35","3","64.966660","45.197201","19.769461","19.769461","16","0.000000","0","1","2"
"ID35","4","48.888889","28.719988","20.168900","20.168900","14","0.000000","0","0","2"
"ID35","5","48.233360","28.752399","19.480961","19.480961","9","0.000000","0","0","3"
"ID35","6","37.700001","19.107540","18.592461","18.592461","8","0.000000","0","0","3"
"ID36","1","92.688896","40.142300","52.546600","19.357800","17","33.188801","12","1","1"
"ID36","2","80.366631","44.337994","36.028641","33.928638","31","2.100000","2","13","2"
"ID36","3","35.766670","19.095539","16.671129","16.671129","20","0.000000","0","1","2"
"ID36","4","34.866673","17.285480","17.581192","17.581192","15","0.000000","0","0","2"
"ID36","5","33.611111","17.973049","15.638060","15.638060","19","0.000000","0","2","2"
"ID36","6","41.911114","22.406307","19.504801","19.504801","27","0.000000","0","0","2"
"ID36","7","33.366669","18.528629","14.838040","14.838040","15","0.000000","0","0","3"
"ID36","8","28.822220","15.249185","13.573036","13.573036","13","0.000000","0","0","3"
"ID37","1","195.244492","103.294701","91.949799","40.783298","29","51.166500","30","5","1"
"ID37","2","113.755600","69.874496","43.881100","23.147699","20","20.733400","24","3","1"
"ID37","3","119.222221","60.558498","58.663719","51.508270","34","7.155450","8","14","1"
"ID37","4","76.311127","44.900711","31.410419","30.399250","26","1.011170","2","1","2"
"ID37","5","47.788879","28.263241","19.525640","19.525640","20","0.000000","0","1","2"
"ID37","6","61.811100","43.929760","17.881340","17.881340","17","0.000000","0","1","2"
"ID37","7","50.622231","32.541618","18.080610","18.080610","15","0.000000","0","0","2"
"ID37","8","35.822231","19.593161","16.229071","16.229071","15","0.000000","0","0","3"
"ID37","9","35.522221","20.882351","14.639870","14.639870","14","0.000000","0","0","3"
"ID38","1","518.155579","222.715103","295.440521","116.739799","72","178.700699","104","31","1"
"ID38","2","211.711105","150.158585","61.552502","36.863602","21","24.688900","16","2","1"
"ID38","3","81.877792","49.698868","32.178921","32.178921","18","0.000000","0","0","2"
"ID38","4","57.366673","26.831940","30.534731","30.534731","17","0.000000","0","0","3"
"ID38","5","68.744446","30.227631","38.516819","38.516819","19","0.000000","0","0","3"
"ID39","1","615.488892","284.916992","330.571899","207.172119","100","123.399803","79","74","1"
"ID39","2","68.955521","37.246101","31.709419","28.098269","20","3.611150","3","0","2"
"ID39","3","56.977791","27.311960","29.665829","29.665829","21","0.000000","0","4","2"
"ID39","4","54.099991","22.924250","31.175739","31.175739","22","0.000000","0","0","2"
"ID39","5","30.666670","13.140799","17.525871","17.525871","12","0.000000","0","1","2"
"ID39","6","43.611088","16.875891","26.735201","26.735201","16","0.000000","0","0","2"
"ID39","7","45.233330","20.020639","25.212688","25.212688","16","0.000000","0","0","3"
"ID39","8","32.822220","13.986279","18.835939","18.835939","14","0.000000","0","0","3"
"ID40","1","197.111099","111.563599","85.547501","50.680801","27","34.866699","10","0","1"
"ID40","2","111.777695","67.112495","44.665199","31.509501","20","13.155700","7","0","1"
"ID40","3","95.922173","60.967430","34.954754","33.310249","18","1.644500","1","0","2"
"ID40","4","126.111137","60.583599","65.527534","65.527534","34","0.000000","0","0","2"
"ID40","5","67.411110","31.513380","35.897732","35.897732","24","0.000000","0","0","3"
"ID40","6","69.166656","29.118000","40.048660","40.048660","26","0.000000","0","0","3"
"ID41","1","203.922211","90.147598","113.774597","39.741001","39","74.033600","64","14","1"
"ID41","2","129.544403","64.063202","65.481201","19.336800","23","46.144402","57","1","1"
"ID41","3","38.122219","23.195141","14.927080","14.927080","13","0.000000","0","0","2"
"ID41","4","41.777779","24.584249","17.193529","17.193529","20","0.000000","0","0","3"
"ID41","5","34.588886","19.151140","15.437750","15.437750","21","0.000000","0","0","3"
"ID42","1","129.422302","68.401703","61.020599","30.020300","26","31.000299","16","0","1"
"ID42","2","80.611000","50.218601","30.392401","20.581200","16","9.811200","8","0","1"
"ID42","3","44.744400","25.653111","19.091290","19.091290","18","0.000000","0","1","2"
"ID42","4","51.455528","24.487930","26.967600","26.967600","21","0.000000","0","0","2"
"ID42","5","46.433311","25.152929","21.280380","21.280380","18","0.000000","0","0","3"
"ID42","6","39.777752","20.586811","19.190941","19.190941","15","0.000000","0","0","3"
"ID43","1","446.844421","189.134491","257.709900","110.143402","84","147.566498","97","40","1"
"ID43","2","92.622200","41.652500","50.969700","42.325401","29","8.644301","11","12","1"
"ID43","3","50.011108","26.786240","23.224871","20.113750","18","3.111120","3","3","2"
"ID43","4","38.288898","19.753599","18.535299","18.535299","11","0.000000","0","0","2"
"ID43","5","32.144459","15.640210","16.504250","16.504250","10","0.000000","0","0","3"
"ID43","6","31.100010","15.905310","15.194700","15.194700","12","0.000000","0","0","3"
"ID44","1","231.888901","80.867905","151.020996","84.798698","37","66.222298","33","11","1"
"ID44","2","98.677704","46.042801","52.634899","52.634899","34","0.000000","0","5","2"
"ID44","3","89.133286","40.235821","48.897472","48.897472","39","0.000000","0","2","2"
"ID44","4","46.877739","23.462620","23.415119","23.415119","25","0.000000","0","2","2"
"ID44","5","55.588879","27.334299","28.254580","28.254580","27","0.000000","0","0","2"
"ID44","6","42.433380","20.297649","22.135731","22.135731","19","0.000000","0","0","3"
"ID44","7","39.488888","19.861788","19.627100","19.627100","22","0.000000","0","0","3"
"ID45","1","149.666702","55.381599","94.285103","35.762699","16","58.522400","39","2","1"
"ID45","2","94.622200","45.687698","48.934502","20.745600","10","28.188900","16","0","1"
"ID45","3","36.444420","18.572149","17.872271","17.872271","16","0.000000","0","0","2"
"ID45","4","28.088909","12.961560","15.127350","15.127350","11","0.000000","0","0","3"
"ID45","5","29.388889","15.227800","14.161090","14.161090","14","0.000000","0","0","3"
"ID46","1","164.277695","77.643799","86.633896","51.356400","19","35.277500","27","2","1"
"ID46","2","74.144402","31.859800","42.284599","37.884602","16","4.400000","5","0","2"
"ID46","3","60.355530","27.389490","32.966042","32.166050","17","0.799990","2","0","2"
"ID46","4","46.500000","18.190020","28.309980","28.309980","17","0.000000","0","0","2"
"ID46","5","43.822220","17.179668","26.642551","26.642551","16","0.000000","0","0","3"
"ID46","6","43.011112","18.231750","24.779360","24.779360","16","0.000000","0","0","3"
"ID47","1","147.533401","62.493500","85.039902","42.439602","24","42.600300","43","5","1"
"ID47","2","76.366646","38.534439","37.832207","29.876600","17","7.955608","11","1","1"
"ID47","3","49.911121","22.289560","27.621559","27.621559","15","0.000000","0","0","2"
"ID47","4","46.577766","23.164988","23.412781","23.412781","16","0.000000","0","1","2"
"ID47","5","45.888889","22.931601","22.957293","22.957293","15","0.000000","0","0","2"
"ID47","6","43.644447","23.141859","20.502590","20.502590","12","0.000000","0","0","3"
"ID47","7","43.366673","18.421850","24.944820","24.944820","14","0.000000","0","0","3"
"ID48","1","186.933411","95.804893","91.128494","42.317799","19","48.810699","40","2","1"
"ID48","2","120.611107","73.294998","47.316101","38.960602","24","8.355500","13","4","1"
"ID48","3","74.533379","45.721630","28.811750","28.122860","22","0.688890","1","2","2"
"ID48","4","39.188900","19.008221","20.180679","20.180679","13","0.000000","0","0","2"
"ID48","5","41.422218","19.197392","22.224829","22.224829","11","0.000000","0","0","3"
"ID48","6","40.777779","20.142151","20.635630","20.635630","13","0.000000","0","0","3"
"ID49","1","260.533417","137.232208","123.301201","50.668098","20","72.633095","45","4","1"
"ID49","2","120.711105","67.937897","52.773201","44.062099","17","8.711100","7","2","1"
"ID49","3","67.022247","32.603081","34.419167","34.419167","17","0.000000","0","0","2"
"ID49","4","51.822231","22.988859","28.833370","28.833370","14","0.000000","0","0","3"
"ID49","5","58.099998","27.392389","30.707609","30.707609","15","0.000000","0","0","3"
"ID50","1","110.266701","53.747898","56.518799","33.640701","15","22.878099","13","2","1"
"ID50","2","56.088902","29.464500","26.624399","19.702200","13","6.922200","8","0","1"
"ID50","3","36.677780","16.385281","20.292500","20.292500","10","0.000000","0","1","2"
"ID50","4","29.900021","12.585160","17.314859","17.314859","9","0.000000","0","0","2"
"ID50","5","40.733318","18.907650","21.825670","21.825670","16","0.000000","0","0","3"
"ID50","6","32.977779","15.894960","17.082821","17.082821","11","0.000000","0","0","3"
"ID51","1","217.755600","83.484398","134.271194","19.459801","17","114.811401","57","0","1"
"ID51","2","42.355598","22.731100","19.624500","19.624500","18","0.000000","0","0","2"
"ID51","3","50.788879","35.351711","15.437170","15.437170","12","0.000000","0","0","3"
"ID51","4","32.644451","17.805470","14.838980","14.838980","14","0.000000","0","0","3"
"ID52","1","212.933411","80.056198","132.877197","30.699600","19","102.177597","38","5","1"
"ID52","2","79.822205","35.264301","44.557907","22.057880","17","22.500029","11","1","1"
"ID52","3","78.444466","39.854008","38.590446","24.501570","18","14.088880","9","3","1"
"ID52","4","48.888889","27.920267","20.968620","20.968620","19","0.000000","0","0","2"
"ID52","5","51.722221","28.841393","22.880829","22.880829","15","0.000000","0","0","3"
"ID52","6","43.677780","23.684999","19.992781","19.992781","14","0.000000","0","0","3"
"ID53","1","174.277695","84.838303","89.439400","36.917599","29","52.521801","28","7","1"
"ID53","2","68.433342","38.774078","29.659260","19.125940","22","10.533320","10","0","1"
"ID53","3","58.144501","33.175400","24.969101","20.268999","24","4.700100","6","0","1"
"ID53","4","58.555569","32.233582","26.321987","26.321987","33","0.000000","0","1","2"
"ID53","5","36.333328","19.051590","17.281740","17.281740","22","0.000000","0","0","2"
"ID53","6","36.977779","18.228971","18.748808","18.748808","21","0.000000","0","0","3"
"ID53","7","41.888882","19.420031","22.468849","22.468849","18","0.000000","0","0","3"
"ID54","1","255.244492","122.716003","132.528503","60.817101","19","71.711403","42","2","1"
"ID54","2","53.377769","34.918381","18.459391","18.459391","16","0.000000","0","0","2"
"ID54","3","45.277779","21.657520","23.620260","23.620260","31","0.000000","0","1","2"
"ID54","4","31.822220","15.341570","16.480650","16.480650","20","0.000000","0","0","2"
"ID54","5","37.566673","19.563131","18.003540","18.003540","18","0.000000","0","0","3"
"ID54","6","34.188889","18.761841","15.427050","15.427050","18","0.000000","0","0","3"
"ID55","1","157.211105","80.582199","76.628899","34.139900","23","42.488998","23","0","1"
"ID55","2","106.288925","49.377048","56.911880","48.045181","31","8.866701","8","9","1"
"ID55","3","90.488922","38.811737","51.677185","27.532803","19","24.144381","17","4","1"
"ID55","4","61.488892","42.253521","19.235371","19.235371","11","0.000000","0","0","2"
"ID55","5","56.677799","32.200378","24.477421","24.477421","15","0.000000","0","0","3"
"ID55","6","72.166656","39.545887","32.620773","32.620773","16","0.000000","0","0","3"
"ID56","1","147.311111","72.891602","74.419502","31.697701","23","42.721802","46","0","1"
"ID56","2","131.600052","80.624641","50.975410","40.775311","33","10.200100","13","6","1"
"ID56","3","230.533310","117.473854","113.059448","106.659355","69","6.400100","8","31","1"
"ID56","4","120.066658","37.289139","82.777519","80.610817","33","2.166700","1","0","2"
"ID56","5","41.200001","21.107727","20.092272","20.092272","23","0.000000","0","0","2"
"ID56","6","45.733341","19.710133","26.023209","26.023209","19","0.000000","0","0","3"
"ID56","7","45.655560","25.209740","20.445820","20.445820","17","0.000000","0","0","3"
"ID57","1","287.144379","62.897701","224.246704","22.357901","13","201.888794","11","0","1"
"ID57","2","46.944408","24.751089","22.193319","15.748920","12","6.444400","10","0","1"
"ID57","3","36.088886","17.497200","18.591690","18.591690","18","0.000000","0","0","2"
"ID57","4","31.699999","15.028673","16.671326","16.671326","18","0.000000","0","0","3"
"ID57","5","29.033331","14.739862","14.293468","14.293468","16","0.000000","0","0","3"
"ID58","1","160.155594","54.010899","106.144707","21.633801","13","84.510902","45","0","1"
"ID58","2","42.766670","23.020180","19.746490","19.746490","14","0.000000","0","2","2"
"ID58","3","29.322281","14.727640","14.594640","14.594640","10","0.000000","0","0","2"
"ID58","4","33.644447","17.426611","16.217840","16.217840","15","0.000000","0","0","3"
"ID58","5","35.288891","18.440111","16.848780","16.848780","17","0.000000","0","0","3"
"ID59","1","275.911102","93.054001","182.857101","81.056908","28","101.800201","71","11","1"
"ID59","2","107.377754","53.481140","53.896606","39.274200","14","14.622410","19","2","1"
"ID59","3","105.166702","59.537712","45.628990","40.506779","16","5.122210","8","2","1"
"ID59","4","47.222221","23.399210","23.823009","23.823009","11","0.000000","0","0","2"
"ID59","5","35.288887","14.286478","21.002413","21.002413","11","0.000000","0","0","3"
"ID59","6","34.599998","17.283928","17.316072","17.316072","9","0.000000","0","0","3"
"ID60","1","91.488800","36.410301","55.078499","28.822800","19","26.255699","26","4","1"
"ID60","2","64.222198","28.785400","35.436798","21.203300","18","14.233500","17","1","1"
"ID60","3","32.022228","15.130490","16.891741","16.891741","16","0.000000","0","1","2"
"ID60","4","30.355560","14.060710","16.294849","16.294849","15","0.000000","0","0","2"
"ID60","5","40.311111","23.063730","17.247379","17.247379","17","0.000000","0","1","2"
"ID60","6","30.522221","14.550620","15.971600","15.971600","17","0.000000","0","0","2"
"ID60","7","29.533340","15.839590","13.693750","13.693750","15","0.000000","0","0","3"
"ID60","8","31.200001","14.795060","16.404940","16.404940","16","0.000000","0","0","3"
"ID62","1","120.744400","67.234596","53.509800","36.254200","28","17.255600","16","5","1"
"ID62","2","73.166679","40.689297","32.477383","29.677382","24","2.800000","2","0","2"
"ID62","3","56.044418","27.243332","28.801088","28.801088","24","0.000000","0","1","2"
"ID62","4","64.555542","33.910271","30.645269","30.645269","30","0.000000","0","0","2"
"ID62","5","56.688889","26.713690","29.975201","29.975201","26","0.000000","0","0","3"
"ID62","6","43.411121","21.286890","22.124229","22.124229","21","0.000000","0","0","3"
"ID63","1","965.278198","416.019104","549.259094","324.979004","62","224.280090","96","28","1"
"ID63","2","289.611115","127.583771","162.027344","94.871880","18","67.155457","27","7","1"
"ID63","3","245.366623","123.573242","121.793373","97.326645","23","24.466730","15","4","1"
"ID63","4","196.500046","98.822868","97.677185","86.899376","16","10.777800","8","1","1"
"ID63","5","158.088928","74.844147","83.244781","82.344788","17","0.900000","1","1","2"
"ID63","6","139.155579","60.697521","78.458069","74.524734","18","3.933330","4","1","2"
"ID63","7","119.277779","80.158653","39.119122","39.119122","12","0.000000","0","0","2"
"ID63","8","79.866638","49.679848","30.186790","30.186790","12","0.000000","0","0","3"
"ID63","9","112.300034","39.495529","72.804497","72.804497","12","0.000000","0","0","3"
"ID64","1","261.488892","109.348198","152.140701","106.074402","37","46.066303","23","12","1"
"ID64","2","171.866592","84.814598","87.052002","55.407600","26","31.644400","21","2","1"
"ID64","3","156.644394","82.671600","73.972801","57.384102","23","16.588699","19","8","1"
"ID64","4","130.588898","69.666801","60.922100","49.255501","23","11.666600","9","4","1"
"ID64","5","174.722214","130.787003","43.935200","43.935200","18","0.000000","0","0","2"
"ID64","6","67.066711","36.923859","30.142851","30.142851","16","0.000000","0","0","3"
"ID64","7","70.955536","33.041851","37.913689","37.913689","19","0.000000","0","0","3"
"ID65","1","470.555573","221.893692","248.661911","123.639305","79","125.022598","55","53","1"
"ID65","2","247.033295","135.138489","111.894798","85.750397","52","26.144400","16","22","1"
"ID65","3","103.677803","67.436707","36.241100","27.318701","13","8.922400","16","0","1"
"ID65","4","86.122200","44.451401","41.670799","38.937500","13","2.733300","6","0","1"
"ID65","5","73.166702","44.145802","29.020901","29.020901","11","0.000000","0","0","2"
"ID65","6","82.077751","36.964993","45.112759","45.112759","16","0.000000","0","0","3"
"ID65","7","42.988838","22.998110","19.990730","19.990730","13","0.000000","0","0","3"
"ID66","1","103.866600","50.487301","53.379299","22.312799","18","31.066500","23","0","1"
"ID66","2","91.233353","54.434898","36.798447","27.465179","20","9.333270","15","0","1"
"ID66","3","42.277767","20.464560","21.813210","21.813210","21","0.000000","0","0","2"
"ID66","4","34.333328","17.417231","16.916100","16.916100","22","0.000000","0","0","3"
"ID66","5","35.122219","17.628387","17.493832","17.493832","18","0.000000","0","0","3"
"ID67","1","141.011108","66.724197","74.286896","31.597601","23","42.689301","26","8","1"
"ID67","2","55.877750","30.873430","25.004320","20.093260","14","4.911060","9","2","1"
"ID67","3","41.866673","21.607660","20.259010","18.759010","13","1.500000","2","0","2"
"ID67","4","34.766670","14.851800","19.914869","19.637091","12","0.277780","1","0","2"
"ID67","5","30.511110","11.907170","18.603939","18.603939","11","0.000000","0","0","2"
"ID67","6","41.099998","18.253290","22.846710","22.846710","16","0.000000","0","0","3"
"ID67","7","34.755562","14.165030","20.590530","20.590530","15","0.000000","0","0","3"
"ID68","1","527.500000","190.677200","336.822784","54.633900","19","282.188904","116","4","1"
"ID68","2","162.888901","49.534401","113.354492","53.888000","17","59.466499","35","0","1"
"ID68","3","103.533295","39.581799","63.951500","35.729198","17","28.222300","16","0","1"
"ID68","4","89.866714","51.859730","38.006981","38.006981","17","0.000000","0","0","2"
"ID68","5","54.422272","25.291420","29.130850","29.130850","16","0.000000","0","0","3"
"ID68","6","53.466713","22.624111","30.842600","30.842600","14","0.000000","0","0","3"
"ID69","1","125.211105","45.931599","79.279503","26.901400","15","52.378101","22","0","1"
"ID69","2","76.255501","45.866402","30.389099","25.700199","16","4.688900","5","4","2"
"ID69","3","52.599998","25.155199","27.444799","27.444799","16","0.000000","0","3","2"
"ID69","4","45.866619","21.842211","24.024410","24.024410","12","0.000000","0","0","2"
"ID69","5","37.200001","19.048872","18.151129","18.151129","15","0.000000","0","0","3"
"ID69","6","38.022221","17.108480","20.913740","20.913740","15","0.000000","0","0","3"
"ID70","1","270.555481","129.369904","141.185593","63.573502","31","77.612099","40","13","1"
"ID70","2","92.411133","47.733768","44.677372","30.988600","13","13.688770","12","0","1"
"ID70","3","67.088882","36.647282","30.441601","29.541611","15","0.899990","1","0","2"
"ID70","4","54.266670","31.931740","22.334930","22.334930","14","0.000000","0","0","2"
"ID70","5","47.833328","23.300421","24.532909","24.532909","15","0.000000","0","0","3"
"ID70","6","51.500000","22.733091","28.766909","28.766909","15","0.000000","0","0","3"
"ID71","1","267.088898","120.311897","146.777008","57.699200","33","89.077797","59","14","1"
"ID71","2","79.511108","42.878719","36.632389","31.865728","19","4.766660","3","1","2"
"ID71","3","54.200001","25.654869","28.545130","28.545130","18","0.000000","0","0","2"
"ID71","4","42.444439","15.067590","27.376850","27.376850","15","0.000000","0","0","3"
"ID71","5","36.133327","13.242330","22.891001","22.891001","14","0.000000","0","0","3"
"ID9","1","247.922211","85.813202","162.108994","37.153599","20","124.955399","36","7","1"
"ID9","2","59.055538","30.508669","28.546871","22.235752","14","6.311120","7","0","1"
"ID9","3","53.544449","25.779648","27.764799","25.764799","14","2.000000","3","0","2"
"ID9","4","48.744450","23.301680","25.442772","24.987211","15","0.455560","1","0","2"
"ID9","5","43.344448","20.241940","23.102510","23.102510","14","0.000000","0","0","2"
"ID9","6","40.733341","21.255289","19.478050","19.478050","14","0.000000","0","0","3"
"ID9","7","35.577778","18.372696","17.205080","17.205080","12","0.000000","0","0","3"
